,Height,Weight,Age,Grip strength,Frailty
0,65.8,112,30,66.1386,0
1,71.5,136,19,68.34321999999999,0
2,69.4,153,45,63.93397999999999,0
3,68.2,142,22,61.72935999999999,1
4,67.8,144,29,52.91087999999999,1
5,68.7,123,50,57.320119999999996,0
6,69.8,141,51,48.501639999999995,1
7,70.1,136,23,44.0924,1
8,67.9,112,17,41.88778,0
9,66.8,120,39,68.34321999999999,0
